batter,total_runs,batting_avg,strike_rate,innings,dismissals,balls_faced,most_active_year
V Kohli,8899,39.90582959641256,133.4783260836958,266,223.0,6667,2016
RG Sharma,7185,29.813278008298756,132.56457564575646,271,241.0,5420,2013
S Dhawan,6769,35.07253886010363,127.09350356740518,222,193.0,5326,2021
DA Warner,6567,40.042682926829265,139.6639727775415,187,164.0,4702,2016
SK Raina,5536,32.37426900584796,136.82649530400394,201,171.0,4046,2010
MS Dhoni,5439,38.30281690140845,137.45261561789235,241,142.0,3957,2018
KL Rahul,5346,44.924369747899156,136.58661216147163,142,119.0,3914,2020
AM Rahane,5184,30.674556213017752,125.6118245699055,188,169.0,4127,2013
AB de Villiers,5181,39.853846153846156,151.8909410729991,172,130.0,3411,2016
CH Gayle,4997,39.65873015873016,149.34249850567844,145,126.0,3346,2013
RV Uthappa,4954,27.522222222222222,130.33412259931595,198,180.0,3801,2014
SV Samson,4889,31.14012738853503,140.0859598853868,176,157.0,3490,2021
KD Karthik,4843,26.320652173913043,135.27932960893853,235,184.0,3580,2013
F du Plessis,4773,35.095588235294116,135.78947368421052,147,136.0,3515,2023
SA Yadav,4417,34.24031007751938,148.67048131942107,157,129.0,2971,2025
AT Rayudu,4348,28.051612903225806,127.54473452625403,185,155.0,3409,2018
JC Buttler,4297,39.78703703703704,149.66910484151862,124,108.0,2871,2022
G Gambhir,4217,31.00735294117647,123.88366627497062,151,136.0,3404,2012
Shubman Gill,4031,39.91089108910891,139.04794756812694,117,101.0,2899,2023
MK Pandey,3951,29.266666666666666,121.64408866995073,163,135.0,3248,2014
SS Iyer,3938,34.849557522123895,135.41953232462174,136,113.0,2908,2020
SR Watson,3880,30.793650793650794,137.93103448275863,143,126.0,2813,2013
RR Pant,3670,33.98148148148148,146.68265387689848,131,108.0,2502,2018
KA Pollard,3437,28.40495867768595,147.57406612279948,172,121.0,2329,2017
Q de Kock,3424,31.412844036697248,135.22906793048972,117,109.0,2532,2019
RA Jadeja,3336,28.271186440677965,130.0077942322681,197,118.0,2566,2009
YK Pathan,3222,29.29090909090909,143.51893095768372,154,110.0,2245,2016
Ishan Kishan,3211,29.73148148148148,140.2183406113537,117,108.0,2290,2020
DA Miller,3156,35.86363636363637,138.84733831940167,137,88.0,2273,2022
WP Saha,2934,24.24793388429752,127.56521739130436,143,121.0,2300,2023
BB McCullum,2882,27.71153846153846,131.59817351598173,111,104.0,2190,2014
N Rana,2873,27.10377358490566,136.03219696969697,115,106.0,2112,2021
PA Patel,2848,22.603174603174605,120.78032230703985,136,126.0,2358,2008
HH Pandya,2839,28.10891089108911,147.32745199792424,147,101.0,1927,2022
GJ Maxwell,2820,23.89830508474576,155.1155115511551,135,118.0,1818,2021
MA Agarwal,2764,23.033333333333335,133.78509196515006,126,120.0,2066,2021
Yuvraj Singh,2754,24.81081081081081,129.78322337417532,127,111.0,2122,2009
V Sehwag,2728,27.555555555555557,155.44159544159544,104,99.0,1755,2014
AD Russell,2655,27.94736842105263,174.0983606557377,115,95.0,1525,2019
M Vijay,2619,25.93069306930693,121.87063750581666,105,101.0,2149,2016
RD Gaikwad,2565,38.28358208955224,136.43617021276594,75,67.0,1880,2021
SPD Smith,2495,34.65277777777778,128.2776349614396,95,72.0,1945,2017
SE Marsh,2489,39.507936507936506,133.0304649919829,70,63.0,1871,2008
JH Kallis,2427,28.55294117647059,109.22592259225922,95,85.0,2222,2010
DR Smith,2385,28.392857142857142,135.20408163265304,88,84.0,1764,2014
YBK Jaiswal,2350,35.07462686567164,153.19426336375489,71,67.0,1534,2023
N Pooran,2335,31.554054054054053,165.13437057991513,93,74.0,1414,2024
SR Tendulkar,2334,33.82608695652174,119.81519507186857,78,69.0,1948,2011
RA Tripathi,2291,26.03409090909091,137.8459687123947,98,88.0,1662,2021
R Dravid,2174,28.233766233766232,115.5154091392136,82,77.0,1882,2013
KS Williamson,2132,35.53333333333333,125.63347083087801,77,60.0,1697,2018
AJ Finch,2092,24.904761904761905,127.95107033639144,91,84.0,1635,2013
AC Gilchrist,2069,27.223684210526315,138.39464882943145,80,76.0,1495,2009
MP Stoinis,2045,28.013698630136986,145.03546099290782,102,73.0,1410,2023
JP Duminy,2029,39.78431372549019,124.02200488997555,75,51.0,1636,2009
MEK Hussey,1977,38.76470588235294,122.64267990074443,58,51.0,1612,2013
S Dube,1961,31.126984126984127,144.19117647058823,80,63.0,1360,2025
Abhishek Sharma,1945,27.01388888888889,165.67291311754684,79,72.0,1174,2022
D Padikkal,1941,25.88,129.14171656686625,78,75.0,1503,2020
AR Patel,1919,21.322222222222223,133.63509749303623,126,90.0,1436,2023
B Sai Sudharsan,1906,47.65,146.0536398467433,44,40.0,1305,2025
PP Shaw,1892,23.949367088607595,147.4668745128605,79,79.0,1283,2021
SP Narine,1816,17.631067961165048,166.60550458715596,120,103.0,1090,2024
DPMD Jayawardene,1808,28.25,123.49726775956285,79,64.0,1464,2013
KH Pandya,1757,21.426829268292682,131.90690690690693,115,82.0,1332,2017
Mandeep Singh,1706,20.804878048780488,122.91066282420748,97,82.0,1388,2012
H Klaasen,1704,40.57142857142857,165.59766763848395,50,42.0,1029,2025
MK Tiwary,1695,28.728813559322035,116.97722567287785,83,59.0,1449,2011
KK Nair,1694,23.859154929577464,131.7262830482115,76,71.0,1286,2016
KC Sangakkara,1687,25.953846153846154,121.19252873563218,68,65.0,1392,2009
JM Bairstow,1674,34.875,146.07329842931938,52,48.0,1146,2019
R Parag,1619,24.907692307692308,141.76882661996498,78,65.0,1142,2024
P Simran Singh,1566,29.0,155.20317145688801,56,54.0,1009,2025
AK Markram,1560,30.58823529411765,136.24454148471617,60,51.0,1145,2025
DJ Bravo,1560,22.608695652173914,129.56810631229237,110,69.0,1204,2012
NV Ojha,1554,20.72,118.35491241431835,94,75.0,1313,2010
Tilak Varma,1542,34.266666666666666,144.11214953271028,56,45.0,1070,2022
SO Hetmyer,1512,28.528301886792452,151.80722891566265,82,53.0,996,2022
VR Iyer,1497,30.551020408163264,138.09963099630994,57,49.0,1084,2021
DJ Hooda,1497,17.611764705882354,127.62148337595909,102,85.0,1173,2022
SS Tiwary,1494,28.73076923076923,120.09646302250805,73,52.0,1244,2010
S Badrinath,1441,30.659574468085108,118.8943894389439,65,47.0,1212,2011
MR Marsh,1407,27.057692307692307,141.97780020181634,54,52.0,991,2025
EJG Morgan,1406,22.677419354838708,122.47386759581882,75,62.0,1148,2020
BJ Hodge,1400,33.333333333333336,125.22361359570662,63,42.0,1118,2009
SC Ganguly,1349,25.452830188679247,106.80918448139352,56,53.0,1263,2010
RM Patidar,1333,33.325,161.77184466019418,43,40.0,824,2024
CA Lynn,1329,34.07692307692308,140.63492063492063,42,39.0,945,2018
DJ Hussey,1322,26.979591836734695,122.97674418604652,61,49.0,1075,2012
TM Head,1266,33.31578947368421,168.12749003984064,42,38.0,753,2024
V Shankar,1233,26.23404255319149,129.78947368421052,63,47.0,950,2023
KM Jadhav,1208,22.37037037037037,123.13965341488277,81,54.0,981,2017
PD Salt,1195,33.19444444444444,174.96339677891655,39,36.0,683,2024
RK Singh,1177,30.17948717948718,143.1873479318735,55,39.0,822,2023
MM Ali,1167,22.0188679245283,139.76047904191617,59,53.0,835,2021
TM Dilshan,1153,26.813953488372093,114.49851042701091,50,43.0,1007,2009
IK Pathan,1150,21.69811320754717,121.05263157894737,83,53.0,950,2010
R Tewatia,1146,23.387755102040817,137.08133971291866,80,49.0,836,2020
ML Hayden,1107,35.70967741935484,137.34491315136478,33,31.0,806,2009
M Vohra,1083,22.102040816326532,130.63932448733414,51,49.0,829,2014
DP Conway,1080,43.2,139.71539456662353,28,25.0,773,2023
LMP Simmons,1079,39.96296296296296,126.6431924882629,29,27.0,852,2015
A Badoni,1076,26.24390243902439,138.659793814433,51,41.0,776,2025
LS Livingstone,1065,25.975609756097562,156.158357771261,48,41.0,682,2022
JM Sharma,1029,23.930232558139537,156.38297872340425,51,43.0,658,2023
LRPL Taylor,1017,25.425,123.72262773722629,54,40.0,822,2009
KP Pietersen,1001,35.75,134.72409152086138,36,28.0,743,2014
MC Henriques,1000,27.77777777777778,126.90355329949239,54,36.0,788,2015
SM Curran,997,24.925,136.38850889192886,53,40.0,731,2024
TH David,993,36.77777777777778,178.59712230215828,49,27.0,556,2024
Y Venugopal Rao,985,22.386363636363637,117.82296650717703,52,44.0,836,2011
JA Morkel,975,24.375,141.92139737991266,68,40.0,687,2008
A Symonds,974,36.074074074074076,129.86666666666667,36,27.0,750,2010
CL White,971,26.97222222222222,127.76315789473685,46,36.0,760,2012
BA Stokes,935,24.605263157894736,133.9541547277937,43,38.0,698,2017
HH Gibbs,886,27.6875,109.78934324659231,36,32.0,807,2009
STR Binny,880,19.130434782608695,128.84333821376282,66,46.0,683,2013
Dhruv Jurel,856,30.571428571428573,158.22550831792975,40,28.0,541,2025
Harbhajan Singh,833,15.145454545454545,137.91390728476821,88,55.0,604,2016
R Ashwin,833,13.015625,118.15602836879432,93,64.0,705,2022
T Stubbs,820,43.1578947368421,159.84405458089668,35,19.0,513,2024
Abdul Samad,815,18.522727272727273,146.84684684684686,57,44.0,555,2023
Shashank Singh,807,40.35,158.23529411764704,36,20.0,510,2025
MS Bisla,798,21.0,113.67521367521367,39,38.0,702,2013
Shakib Al Hasan,795,19.390243902439025,124.4131455399061,53,41.0,639,2018
ST Jayasuriya,768,27.428571428571427,144.36090225563908,30,28.0,532,2008
C Green,763,36.333333333333336,152.9058116232465,33,21.0,499,2023
M Shahrukh Khan,747,20.75,149.10179640718565,50,36.0,501,2021
N Wadhera,746,24.866666666666667,140.22556390977442,34,30.0,532,2025
GC Smith,739,28.423076923076923,110.62874251497006,29,26.0,668,2008
AD Mathews,724,23.35483870967742,125.91304347826086,41,31.0,575,2010
SN Khan,707,23.566666666666666,137.28155339805826,40,30.0,515,2019
TL Suman,676,21.125,117.56521739130434,39,32.0,575,2010
AM Nayar,672,17.68421052631579,116.46447140381282,50,38.0,577,2009
GJ Bailey,663,24.555555555555557,121.875,36,27.0,544,2015
Priyansh Arya,663,30.136363636363637,191.06628242074927,22,22.0,347,2025
Abishek Porel,661,25.423076923076923,149.88662131519274,29,26.0,441,2024
E Lewis,654,27.25,137.1069182389937,26,24.0,477,2018
A Raghuvanshi,645,32.25,147.59725400457666,23,20.0,437,2025
PP Chawla,624,11.142857142857142,110.8348134991119,86,56.0,563,2012
CH Morris,618,22.071428571428573,155.27638190954772,49,28.0,398,2016
JJ Roy,614,32.31578947368421,138.6004514672686,21,19.0,443,2023
PJ Cummins,612,20.4,152.23880597014926,48,30.0,402,2020
Nithish Kumar Reddy,609,29.0,137.78280542986425,27,21.0,442,2024
Washington Sundar,609,16.916666666666668,130.12820512820514,47,36.0,468,2020
Rashid Khan,609,14.162790697674419,159.4240837696335,68,43.0,382,2024
JD Ryder,604,21.571428571428573,131.87772925764193,29,28.0,458,2012
HM Amla,577,44.38461538461539,141.76904176904176,16,13.0,407,2017
Shahbaz Ahmed,560,19.310344827586206,120.6896551724138,39,29.0,464,2022
CJ Anderson,538,24.454545454545453,127.18676122931443,29,22.0,423,2014
RS Bopara,531,29.5,117.21854304635761,22,18.0,453,2010
JP Faulkner,527,20.26923076923077,135.12820512820514,46,26.0,390,2015
MK Lomror,527,18.17241379310345,141.28686327077747,35,29.0,373,2023
RD Rickelton,525,29.166666666666668,152.17391304347828,19,18.0,345,2025
M Manhas,514,22.347826086956523,109.36170212765957,38,23.0,470,2010
Gurkeerat Singh,511,21.291666666666668,121.09004739336493,32,24.0,422,2013
OA Shah,506,33.733333333333334,130.0771208226221,22,15.0,389,2012
PC Valthaty,505,22.954545454545453,120.8133971291866,23,22.0,418,2011
SW Billings,503,19.346153846153847,129.63917525773198,27,26.0,388,2022
Naman Dhir,501,27.833333333333332,175.17482517482517,24,18.0,286,2025
SE Rutherford,499,26.263157894736842,146.76470588235293,24,19.0,340,2025
D Brevis,496,29.176470588235293,152.1472392638037,17,17.0,326,2025
RR Rossouw,473,23.65,153.57142857142858,22,20.0,308,2023
WG Jacks,463,27.235294117647058,152.8052805280528,19,17.0,303,2025
DT Christian,460,14.838709677419354,115.57788944723617,41,31.0,398,2011
V Suryavanshi,452,37.666666666666664,228.2828282828283,12,12.0,198,2025
R Powell,435,21.75,147.45762711864407,25,20.0,295,2022
NLTC Perera,424,19.272727272727273,137.2168284789644,31,22.0,309,2013
SA Asnodkar,423,21.15,124.7787610619469,19,20.0,339,2008
JR Hopes,417,26.0625,136.27450980392157,19,16.0,306,2011
R Ravindra,413,24.294117647058822,143.90243902439025,18,17.0,287,2025
Ashutosh Sharma,412,27.466666666666665,164.79999999999998,19,15.0,250,2025
A Mhatre,411,34.25,181.05726872246697,12,12.0,227,2025
J Botha,409,20.45,113.9275766016713,28,20.0,359,2011
LR Shukla,405,15.0,115.71428571428572,33,27.0,350,2008
AL Menaria,401,19.095238095238095,112.64044943820224,23,21.0,356,2012
MV Boucher,394,28.142857142857142,127.50809061488673,23,14.0,309,2008
CA Pujara,390,20.526315789473685,99.74424552429667,22,19.0,391,2014
Azhar Mahmood,388,20.42105263157895,128.05280528052805,21,19.0,303,2013
J Fraser-McGurk,385,25.666666666666668,199.4818652849741,15,15.0,193,2024
A Mishra,381,11.90625,90.9307875894988,55,32.0,419,2013
KR Mayers,379,29.153846153846153,144.106463878327,13,13.0,263,2023
DB Ravi Teja,375,19.736842105263158,118.29652996845425,25,19.0,317,2011
S Sohal,368,18.4,126.02739726027397,20,20.0,292,2011
P Negi,365,14.038461538461538,126.29757785467129,35,26.0,289,2017
Rahmanullah Gurbaz,363,21.352941176470587,134.9442379182156,18,17.0,269,2023
KV Sharma,352,13.538461538461538,119.3220338983051,40,26.0,295,2013
DJ Mitchell,351,27.0,131.46067415730337,15,13.0,267,2024
R Bhatia,342,11.4,120.4225352112676,47,30.0,284,2013
P Kumar,340,8.947368421052632,108.28025477707006,57,38.0,314,2008
AP Tare,339,14.125,124.17582417582418,27,24.0,273,2014
Sameer Rizvi,338,33.8,146.95652173913044,13,10.0,230,2026
SN Thakur,333,11.482758620689655,138.75,41,29.0,240,2022
B Kumar,329,8.657894736842104,91.89944134078212,72,38.0,358,2013
JEC Franklin,327,29.727272727272727,108.63787375415282,16,11.0,301,2012
RN ten Doeschate,326,23.285714285714285,138.72340425531914,21,14.0,235,2011
Anuj Rawat,318,19.875,119.10112359550563,21,16.0,267,2022
R Vinay Kumar,310,11.071428571428571,113.13868613138686,42,28.0,274,2012
Aniket Verma,306,23.53846153846154,167.21311475409837,17,13.0,183,2025
Lalit Yadav,305,19.0625,105.17241379310344,21,16.0,290,2022
DB Das,304,21.714285714285715,116.47509578544062,22,14.0,261,2012
C de Grandhomme,303,18.9375,134.66666666666666,21,16.0,225,2017
LA Pomersbach,302,27.454545454545453,122.76422764227641,16,11.0,246,2008
UBT Chand,300,15.0,100.0,20,20.0,300,2013
DJG Sammy,295,19.666666666666668,122.40663900414938,20,15.0,241,2013
SP Goswami,293,14.65,99.32203389830508,21,20.0,295,2008
A Manohar,292,15.368421052631579,124.25531914893617,20,19.0,235,2023
Y Nagar,285,20.357142857142858,110.03861003861005,20,14.0,259,2012
GH Vihari,284,14.2,88.47352024922118,23,20.0,321,2013
VVS Laxman,282,14.842105263157896,105.61797752808988,20,19.0,267,2008
A Ashish Reddy,280,18.666666666666668,145.0777202072539,23,15.0,193,2013
B Chipli,280,18.666666666666668,111.55378486055776,21,15.0,251,2011
JP Inglis,278,30.88888888888889,162.5730994152047,11,9.0,171,2025
MJ Lumb,278,23.166666666666668,143.29896907216494,12,12.0,194,2010
PBB Rajapaksa,277,21.307692307692307,145.0261780104712,13,13.0,191,2022
HV Patel,274,8.838709677419354,117.59656652360515,43,31.0,233,2021
PK Garg,273,15.166666666666666,113.27800829875518,19,18.0,241,2020
MJ Guptill,271,22.583333333333332,137.56345177664974,14,12.0,197,2017
R Sathish,270,15.882352941176471,116.88311688311688,24,17.0,231,2010
Ramandeep Singh,266,20.46153846153846,153.757225433526,23,13.0,173,2024
JC Archer,265,13.25,143.24324324324326,32,20.0,185,2020
Atharva Taide,260,26.0,146.89265536723164,10,10.0,177,2023
JO Holder,259,12.333333333333334,122.74881516587676,27,21.0,211,2021
M Kaif,259,14.38888888888889,103.60000000000001,22,18.0,250,2008
K Gowtham,247,13.722222222222221,166.89189189189187,27,18.0,148,2018
Harpreet Brar,244,20.333333333333332,120.19704433497537,26,12.0,203,2021
SM Katich,241,24.1,129.56989247311827,11,10.0,186,2009
K Rabada,238,13.222222222222221,109.6774193548387,31,18.0,217,2017
BCJ Cutting,238,21.636363636363637,168.79432624113474,17,11.0,141,2018
MD Mishra,237,14.8125,113.9423076923077,17,16.0,208,2010
R Shepherd,223,27.875,206.4814814814815,15,8.0,108,2022
Mohammad Nabi,221,13.0,145.39473684210526,20,17.0,152,2019
K Goel,218,14.533333333333333,94.37229437229438,16,15.0,231,2009
AA Jhunjhunwala,217,16.692307692307693,103.33333333333334,15,13.0,210,2010
R Dhawan,210,19.09090909090909,112.29946524064172,22,11.0,187,2014
UT Yadav,208,9.904761904761905,103.48258706467661,48,21.0,201,2022
Kuldeep Yadav,206,12.117647058823529,85.83333333333333,39,17.0,240,2022
CA Ingram,205,17.083333333333332,113.88888888888889,15,12.0,180,2019
PD Collingwood,203,40.6,130.12820512820514,7,5.0,156,2010
JD Unadkat,201,12.5625,118.93491124260356,28,16.0,169,2018
KS Bharat,199,28.428571428571427,122.08588957055215,8,7.0,163,2021
SK Warne,198,9.9,92.5233644859813,27,20.0,214,2009
SP Fleming,196,21.77777777777778,118.7878787878788,10,9.0,165,2008
AS Raut,194,21.555555555555557,116.1676646706587,16,9.0,167,2009
BJ Rohrer,193,27.571428571428573,136.8794326241135,9,7.0,141,2013
Salman Butt,193,27.571428571428573,119.87577639751552,7,7.0,161,2008
YV Takawale,192,24.0,107.86516853932584,10,8.0,178,2014
HC Brook,190,21.11111111111111,123.37662337662339,11,9.0,154,2023
Bipul Sharma,187,23.375,152.03252032520325,17,8.0,123,2012
SD Hope,183,22.875,150.0,9,8.0,122,2024
FY Fazal,183,18.3,105.78034682080926,11,10.0,173,2010
MS Wade,183,13.071428571428571,103.38983050847457,14,14.0,177,2022
Sikandar Raza,182,26.0,133.8235294117647,9,7.0,136,2023
AC Voges,181,45.25,126.57342657342659,7,4.0,143,2010
CR Brathwaite,181,13.923076923076923,163.06306306306305,14,13.0,111,2018
S Gopal,180,12.857142857142858,106.50887573964498,22,14.0,169,2018
AB Agarkar,179,17.9,116.23376623376625,18,10.0,154,2009
C Munro,177,14.75,125.53191489361701,11,12.0,141,2019
MF Maharoof,177,17.7,143.90243902439025,14,10.0,123,2008
DH Yagnik,170,17.0,124.08759124087592,17,10.0,137,2013
CM Gautam,169,16.9,112.66666666666667,13,10.0,150,2014
MN van Wyk,167,55.666666666666664,126.51515151515152,5,3.0,132,2009
DW Steyn,167,7.590909090909091,104.375,33,22.0,160,2011
MG Johnson,167,12.846153846153847,101.82926829268293,28,13.0,164,2014
PA Reddy,164,16.4,102.49999999999999,10,10.0,160,2013
N Jagadeesan,162,18.0,110.20408163265304,10,9.0,147,2023
MN Samuels,161,12.384615384615385,93.6046511627907,14,13.0,172,2012
R McLaren,159,19.875,92.98245614035088,13,8.0,171,2011
RE van der Merwe,159,14.454545454545455,112.7659574468085,15,11.0,141,2009
V Nigam,154,19.25,179.06976744186048,9,8.0,86,2025
M Jansen,150,12.5,107.91366906474819,21,12.0,139,2025
D Wiese,148,29.6,146.53465346534654,11,5.0,101,2015
AD Hales,148,24.666666666666668,125.42372881355932,6,6.0,118,2018
SM Pollock,147,18.375,132.43243243243242,8,8.0,111,2008
S Vidyut,145,18.125,133.0275229357798,8,8.0,109,2008
Sachin Baby,144,16.0,122.03389830508475,11,9.0,118,2016
N Saini,140,14.0,99.29078014184397,10,10.0,141,2012
SB Dubey,139,23.166666666666668,163.52941176470588,11,6.0,85,2025
Anmolpreet Singh,139,15.444444444444445,120.8695652173913,9,9.0,115,2023
S Anirudha,136,17.0,120.35398230088497,12,8.0,113,2011
C Connolly,136,45.333333333333336,151.11111111111111,4,3.0,90,2026
MJ Santner,136,17.0,110.56910569105692,21,8.0,123,2025
SB Styris,131,18.714285714285715,98.49624060150376,10,7.0,133,2008
W Jaffer,130,16.25,107.43801652892562,8,8.0,121,2008
RD Chahar,129,8.0625,104.03225806451613,22,16.0,124,2022
Kamran Akmal,128,25.6,164.1025641025641,6,5.0,78,2008
P Nissanka,127,31.75,153.0120481927711,4,4.0,83,2026
P Dogra,127,11.545454545454545,92.02898550724638,12,11.0,138,2010
MD Choudhary,127,42.333333333333336,149.41176470588235,5,3.0,85,2026
TK Curran,127,25.4,118.69158878504673,10,5.0,107,2020
UT Khawaja,127,21.166666666666668,127.0,6,6.0,100,2016
M Morkel,126,11.454545454545455,140.0,20,11.0,90,2013
SS Prabhudessai,126,12.6,118.86792452830188,10,10.0,106,2022
MC Juneja,125,17.857142857142858,97.65625,7,7.0,128,2013
MM Sharma,125,6.944444444444445,91.91176470588235,30,18.0,136,2017
BB Samantray,125,25.0,110.61946902654867,8,5.0,113,2013
B Lee,124,12.4,127.83505154639174,19,10.0,97,2009
Harpreet Singh,123,17.571428571428573,103.36134453781514,8,7.0,119,2023
AB McDonald,123,24.6,123.0,9,5.0,100,2010
DL Chahar,123,15.375,138.20224719101125,17,8.0,89,2018
NK Patel,121,30.25,101.68067226890756,6,4.0,119,2008
DL Vettori,121,15.125,107.07964601769913,16,8.0,113,2009
TG Southee,120,9.23076923076923,112.14953271028037,19,13.0,107,2018
AC Blizzard,120,17.142857142857142,133.33333333333331,7,7.0,90,2011
MW Short,119,17.0,120.2020202020202,7,7.0,99,2023
Arshad Khan,119,23.8,141.66666666666669,10,5.0,84,2024
Z Khan,117,8.357142857142858,82.97872340425532,27,14.0,141,2008
RJ Harris,117,9.75,104.46428571428572,21,12.0,112,2010
Misbah-ul-Haq,117,16.714285714285715,144.44444444444443,8,7.0,81,2008
KK Cooper,116,12.88888888888889,170.58823529411765,12,9.0,68,2014
Aman Hakim Khan,115,12.777777777777779,110.57692307692308,10,9.0,104,2023
DJM Short,115,16.428571428571427,116.16161616161615,7,7.0,99,2018
M Kartik,113,16.142857142857142,104.62962962962963,14,7.0,108,2008
Mohammed Siraj,112,11.2,91.05691056910568,21,10.0,123,2022
MA Starc,111,10.090909090909092,93.27731092436974,21,11.0,119,2014
DJ Harris,111,27.75,109.9009900990099,4,4.0,101,2012
GD Phillips,107,11.88888888888889,125.88235294117646,11,9.0,85,2021
JDP Oram,106,13.25,98.14814814814815,11,8.0,108,2009
LJ Wright,106,21.2,176.66666666666666,5,5.0,60,2013
DS Kulkarni,104,11.555555555555555,96.29629629629629,20,9.0,108,2014
RJ Quiney,103,14.714285714285714,100.98039215686273,7,7.0,102,2009
J Overton,102,51.0,156.92307692307693,5,2.0,65,2026
MS Gony,99,9.9,139.43661971830986,15,10.0,71,2013
Azmatullah Omarzai,99,12.375,133.7837837837838,9,8.0,74,2025
SD Chitnis,99,14.142857142857142,111.23595505617978,8,7.0,89,2012
CJ Ferguson,98,16.333333333333332,83.76068376068376,8,6.0,117,2012
MJ Clarke,98,16.333333333333332,104.25531914893618,6,6.0,94,2012
Mohammed Shami,98,5.764705882352941,98.0,31,17.0,100,2017
PN Mankad,97,32.333333333333336,132.87671232876713,5,3.0,73,2023
JDS Neesham,92,10.222222222222221,98.9247311827957,10,9.0,93,2014
PR Shah,92,11.5,101.0989010989011,9,8.0,91,2009
DJ Jacobs,92,13.142857142857142,93.87755102040816,7,7.0,98,2011
PHKD Mendis,92,23.0,133.33333333333331,5,4.0,69,2025
AJ Tye,91,10.11111111111111,119.73684210526316,13,9.0,76,2018
RT Ponting,91,10.11111111111111,71.09375,9,9.0,128,2013
S Rana,91,22.75,112.34567901234568,8,4.0,81,2014
AD Nath,90,9.0,91.83673469387756,10,10.0,98,2019
SL Malinga,88,5.5,88.88888888888889,20,16.0,99,2012
Iqbal Abdulla,88,44.0,104.76190476190477,13,2.0,84,2016
AP Majumdar,87,21.75,114.4736842105263,4,4.0,76,2012
Ankit Sharma,87,12.428571428571429,129.8507462686567,10,7.0,67,2014
TA Boult,86,8.6,103.6144578313253,25,10.0,83,2022
MJ McClenaghan,85,6.538461538461538,121.42857142857142,20,13.0,70,2016
RE Levi,83,13.833333333333334,113.69863013698631,6,6.0,73,2012
NM Coulter-Nile,82,7.454545454545454,113.88888888888889,16,11.0,72,2015
WPUJC Vaas,81,10.125,110.95890410958904,11,8.0,73,2010
LA Carseldine,81,20.25,119.11764705882352,5,4.0,68,2009
Shahid Afridi,81,10.125,176.08695652173913,9,8.0,46,2008
CJ Jordan,81,8.1,105.1948051948052,12,10.0,77,2020
PWH de Silva,81,5.4,92.04545454545455,19,15.0,88,2022
FH Allen,81,16.2,192.85714285714286,5,5.0,42,2026
RV Patel,80,16.0,109.58904109589041,7,5.0,73,2023
AD Mascarenhas,79,8.777777777777779,101.28205128205127,11,9.0,78,2009
D Ferreira,79,15.8,129.5081967213115,5,5.0,61,2026
JR Philippe,78,19.5,101.29870129870129,5,4.0,77,2020
CR Woakes,78,13.0,101.29870129870129,12,6.0,77,2017
IR Jaggi,76,15.2,78.35051546391753,7,5.0,97,2017
B Akhil,76,12.666666666666666,138.1818181818182,11,6.0,55,2008
TR Birt,75,15.0,129.31034482758622,5,5.0,58,2011
M Klinger,73,18.25,94.8051948051948,4,4.0,77,2011
RR Sarwan,73,18.25,97.33333333333334,4,4.0,75,2008
JJ Bumrah,73,10.428571428571429,90.12345679012346,28,7.0,81,2021
LH Ferguson,72,24.0,153.19148936170214,8,3.0,47,2020
SK Rasheed,71,14.2,112.6984126984127,5,5.0,63,2025
J Suchith,70,17.5,114.75409836065573,9,4.0,61,2015
AA Bilakhia,69,13.8,81.17647058823529,7,5.0,85,2009
Vivrant Sharma,69,69.0,146.80851063829786,1,1.0,47,2023
Avesh Khan,68,17.0,158.13953488372093,16,4.0,43,2025
Urvil Patel,68,22.666666666666668,212.5,3,3.0,32,2025
RR Powar,67,22.333333333333332,104.6875,9,3.0,64,2009
JG Bethell,67,33.5,171.7948717948718,2,2.0,39,2025
HR Shokeen,66,22.0,101.53846153846153,5,3.0,65,2022
R Sharma,66,4.714285714285714,88.0,19,14.0,75,2010
WD Parnell,65,6.5,81.25,13,10.0,80,2011
KA Jamieson,65,16.25,108.33333333333333,9,4.0,60,2021
Mohammad Hafeez,64,9.142857142857142,77.10843373493977,8,7.0,83,2008
Anirudh Singh,63,15.75,95.45454545454545,4,4.0,66,2010
A Flintoff,62,31.0,116.98113207547169,3,2.0,53,2009
SP Jackson,61,10.166666666666666,107.01754385964912,8,6.0,57,2017
Sandeep Sharma,60,10.0,80.0,26,6.0,75,2020
Harshit Rana,59,9.833333333333334,105.35714285714286,10,6.0,56,2025
S Aravind,59,14.75,103.50877192982458,10,4.0,57,2017
MG Bracewell,58,29.0,123.40425531914893,4,2.0,47,2023
C Bosch,58,29.0,161.11111111111111,3,2.0,36,2025
I Sharma,57,9.5,82.6086956521739,21,6.0,69,2010
Vishnu Vinod,56,9.333333333333334,98.24561403508771,6,6.0,57,2023
WA Mota,56,9.333333333333334,74.66666666666667,8,6.0,75,2009
M Rawat,55,11.0,79.71014492753623,11,5.0,69,2008
A Chopra,53,8.833333333333334,74.64788732394366,6,6.0,71,2008
TU Deshpande,53,17.666666666666668,160.6060606060606,9,3.0,33,2020
DJ Willey,53,26.5,85.48387096774194,5,2.0,62,2022
PVD Chameera,53,13.25,126.19047619047619,10,4.0,42,2022
RP Singh,52,3.466666666666667,68.42105263157895,28,15.0,76,2008
Shoaib Malik,52,13.0,110.63829787234043,5,4.0,47,2008
Shivam Mavi,51,5.666666666666667,91.07142857142857,11,9.0,56,2021
KB Arun Karthik,51,10.2,100.0,8,5.0,51,2013
R Rampaul,51,10.2,102.0,7,5.0,50,2013
OF Smith,51,17.0,115.90909090909092,6,3.0,44,2022
Swapnil Singh,51,10.2,113.33333333333333,9,5.0,45,2024
VR Aaron,50,10.0,69.44444444444444,12,5.0,72,2014
RV Gomez,50,10.0,98.0392156862745,9,5.0,51,2011
AG Paunikar,49,9.8,84.48275862068965,5,5.0,58,2011
A Nortje,49,7.0,98.0,14,7.0,50,2023
SB Bangar,49,7.0,84.48275862068965,7,7.0,58,2008
AS Yadav,49,9.8,125.64102564102564,6,5.0,39,2008
PR Veer,49,49.0,136.11111111111111,2,1.0,36,2026
M Markande,48,16.0,114.28571428571428,10,3.0,42,2018
T Kohler-Cadmore,48,16.0,88.88888888888889,3,3.0,54,2024
Yashpal Singh,47,11.75,71.21212121212122,4,4.0,66,2009
Ravi Bishnoi,45,4.090909090909091,67.16417910447761,17,11.0,67,2023
D Pretorius,44,11.0,157.14285714285714,5,4.0,28,2022
DR Sams,44,4.888888888888889,100.0,13,9.0,44,2022
Sunny Singh,43,10.75,138.70967741935485,5,4.0,31,2011
A Kamboj,42,21.0,116.66666666666667,8,2.0,36,2026
SK Trivedi,42,6.0,71.1864406779661,14,7.0,59,2009
S Arora,42,14.0,150.0,4,3.0,28,2026
AB Barath,42,21.0,100.0,3,2.0,42,2010
A Nehra,41,5.857142857142857,66.12903225806451,17,7.0,62,2010
BR Dunk,40,13.333333333333334,114.28571428571428,3,3.0,35,2014
LPC Silva,40,20.0,153.84615384615387,3,2.0,26,2008
Rasikh Salam,40,8.0,100.0,6,5.0,40,2024
J Yadav,40,10.0,111.11111111111111,4,4.0,36,2021
AUK Pathan,39,7.8,169.56521739130434,7,5.0,23,2011
Umar Gul,39,13.0,205.26315789473685,4,3.0,19,2008
DJ Thornely,39,13.0,73.58490566037736,4,3.0,53,2008
S Nadeem,39,2.7857142857142856,44.827586206896555,20,14.0,87,2013
MM Patel,39,6.5,95.1219512195122,12,6.0,41,2009
YS Chahal,37,5.285714285714286,43.02325581395349,17,7.0,86,2021
S Narwal,37,12.333333333333334,137.03703703703704,4,3.0,27,2013
KW Richardson,36,12.0,92.3076923076923,4,3.0,39,2013
Anureet Singh,36,9.0,76.59574468085107,8,4.0,47,2015
Joginder Sharma,36,9.0,120.0,5,4.0,30,2009
AN Ahmed,36,36.0,138.46153846153845,6,1.0,26,2011
Sohail Tanvir,36,12.0,124.13793103448276,5,3.0,29,2008
L Balaji,36,4.5,73.46938775510205,13,8.0,49,2010
M Ashwin,35,3.888888888888889,70.0,12,9.0,50,2021
A Kumble,35,11.666666666666666,74.46808510638297,15,3.0,47,2009
B Sumanth,35,35.0,94.5945945945946,4,1.0,37,2010
L Ronchi,34,6.8,100.0,5,5.0,34,2008
A Mithun,34,6.8,130.76923076923077,6,5.0,26,2011
AP Dole,34,17.0,154.54545454545453,2,2.0,22,2010
S Sreesanth,34,8.5,61.81818181818181,12,4.0,55,2010
Imran Tahir,33,8.25,89.1891891891892,8,4.0,37,2014
Navdeep Saini,33,8.25,89.1891891891892,7,4.0,37,2020
D Salunkhe,33,16.5,137.5,3,2.0,24,2008
RJ Peterson,32,10.666666666666666,106.66666666666667,5,3.0,30,2012
Basil Thampi,32,32.0,91.42857142857143,7,1.0,35,2017
AT Carey,32,16.0,110.34482758620689,3,2.0,29,2020
T Taibu,31,10.333333333333334,119.23076923076923,3,3.0,26,2008
Arshdeep Singh,31,5.166666666666667,67.3913043478261,13,6.0,46,2022
S Sriram,31,15.5,86.11111111111111,2,2.0,36,2010
G Coetzee,31,5.166666666666667,93.93939393939394,7,6.0,33,2024
NS Naik,31,7.75,62.0,4,4.0,50,2016
VH Zol,29,14.5,111.53846153846155,2,2.0,26,2014
Noor Ahmad,29,2.9,55.769230769230774,13,10.0,52,2026
J Syed Mohammad,29,14.5,111.53846153846155,5,2.0,26,2011
SB Jakati,28,28.0,96.55172413793103,5,1.0,29,2009
AS Joseph,27,27.0,84.375,5,1.0,32,2019
AS Roy,27,5.4,96.42857142857143,9,5.0,28,2023
MD Shanaka,26,13.0,100.0,3,2.0,26,2023
CV Varun,26,5.2,54.166666666666664,12,5.0,48,2022
JM Kemp,26,13.0,108.33333333333333,2,2.0,24,2010
AB Dinda,26,2.6,54.166666666666664,16,10.0,48,2014
AS Rajpoot,26,5.2,63.41463414634146,7,5.0,41,2018
NL McCullum,26,26.0,118.18181818181819,2,1.0,22,2011
DJ Malan,26,26.0,100.0,1,1.0,26,2021
TL Seifert,26,8.666666666666666,113.04347826086956,3,3.0,23,2022
PJ Sangwan,26,3.25,59.09090909090909,14,8.0,44,2010
Mohsin Khan,25,6.25,100.0,6,4.0,25,2022
A Choudhary,25,25.0,125.0,3,1.0,20,2017
Akash Deep,25,8.333333333333334,178.57142857142858,5,3.0,14,2023
S Chanderpaul,25,8.333333333333334,80.64516129032258,3,3.0,31,2008
Sanvir Singh,25,12.5,119.04761904761905,5,2.0,21,2024
Kartik Sharma,25,8.333333333333334,119.04761904761905,3,3.0,21,2026
KC Cariappa,24,8.0,114.28571428571428,5,3.0,21,2016
Tanush Kotian,24,24.0,77.41935483870968,1,1.0,31,2024
AJ Turner,24,4.8,85.71428571428571,6,5.0,28,2024
ER Dwivedi,24,12.0,171.42857142857142,2,2.0,14,2016
MA Khote,24,12.0,109.09090909090908,3,2.0,22,2008
J Arunkumar,23,7.666666666666667,100.0,3,3.0,23,2008
Umran Malik,23,11.5,143.75,5,2.0,16,2022
GF Linde,23,11.5,135.29411764705884,2,2.0,17,2026
BMAJ Mendis,23,7.666666666666667,85.18518518518519,3,3.0,27,2013
AF Milne,23,5.75,79.3103448275862,6,4.0,29,2021
P Dubey,23,23.0,69.6969696969697,2,1.0,33,2023
SW Tait,23,7.666666666666667,88.46153846153845,5,3.0,26,2010
Yudhvir Singh,22,5.5,137.5,4,4.0,16,2024
GB Hogg,22,7.333333333333333,100.0,4,3.0,22,2012
HE van der Dussen,22,11.0,91.66666666666666,3,2.0,24,2022
XC Bartlett,22,22.0,110.00000000000001,2,1.0,20,2025
AU Rashid,22,11.0,137.5,2,2.0,16,2023
KL Nagarkoti,22,5.5,66.66666666666666,7,4.0,33,2020
Sediqullah Atal,22,22.0,137.5,1,1.0,16,2025
SA Abbott,22,7.333333333333333,122.22222222222223,3,3.0,18,2015
Kumar Kushagra,21,5.25,100.0,4,4.0,21,2026
B Indrajith,21,7.0,70.0,3,3.0,30,2022
DE Bollinger,21,21.0,91.30434782608695,4,1.0,23,2010
M Muralitharan,20,3.3333333333333335,66.66666666666666,9,6.0,30,2012
RR Raje,20,20.0,111.11111111111111,5,1.0,18,2008
S Kaul,20,5.0,55.55555555555556,9,4.0,36,2018
AC Thomas,20,10.0,105.26315789473684,4,2.0,19,2012
C Sakariya,20,3.3333333333333335,64.51612903225806,7,6.0,31,2021
BKG Mendis,20,20.0,200.0,1,1.0,10,2025
NJ Maddinson,20,6.666666666666667,95.23809523809523,3,3.0,21,2014
NT Ellis,19,4.75,76.0,5,4.0,25,2021
JR Hazlewood,19,,65.51724137931035,7,,29,2022
R Bishnoi,19,6.333333333333333,111.76470588235294,3,3.0,17,2009
P Ray Barman,19,19.0,79.16666666666666,1,1.0,24,2019
P Sahu,19,19.0,146.15384615384613,2,1.0,13,2016
Y Gnaneswara Rao,19,19.0,111.76470588235294,1,1.0,17,2011
Gulbadin Naib,19,19.0,126.66666666666666,1,1.0,15,2024
DR Martyn,19,19.0,79.16666666666666,1,1.0,24,2010
RA Bawa,19,9.5,105.55555555555556,3,2.0,18,2022
R Shukla,19,19.0,82.6086956521739,4,1.0,23,2014
A Mukund,19,9.5,86.36363636363636,2,2.0,22,2013
T Banton,18,9.0,90.0,2,2.0,20,2020
DS Lehmann,18,9.0,100.0,2,2.0,18,2008
BJ Haddin,18,18.0,163.63636363636365,1,1.0,11,2011
JJ van der Wath,18,9.0,112.5,3,2.0,16,2011
Naveen-ul-Haq,18,18.0,72.0,4,1.0,25,2023
Saurav Chauhan,18,6.0,120.0,3,3.0,15,2024
KMA Paul,18,3.6,75.0,5,5.0,24,2019
Sumit Kumar,18,9.0,75.0,3,2.0,24,2024
PV Tambe,18,9.0,46.15384615384615,6,2.0,39,2016
R Sai Kishore,18,4.5,112.5,4,4.0,16,2025
Kartik Tyagi,18,3.6,85.71428571428571,7,5.0,21,2020
Harmeet Singh,18,4.5,150.0,4,4.0,12,2012
JA Richardson,17,5.666666666666667,65.38461538461539,3,3.0,26,2021
M Theekshana,17,5.666666666666667,50.0,6,3.0,34,2025
Parvez Rasool,17,8.5,85.0,4,2.0,20,2013
YV Dhull,16,5.333333333333333,69.56521739130434,3,3.0,23,2023
PP Ojha,16,1.3333333333333333,35.55555555555556,19,12.0,45,2012
CK Kapugedera,16,5.333333333333333,69.56521739130434,3,3.0,23,2008
KS Sharma,16,5.333333333333333,64.0,3,3.0,25,2023
AJ Hosein,16,,160.0,1,,10,2023
A Zampa,15,3.0,62.5,5,5.0,24,2023
GR Napier,15,15.0,93.75,1,1.0,16,2009
C Madan,15,15.0,78.94736842105263,1,1.0,19,2010
JL Pattinson,15,15.0,115.38461538461537,2,1.0,13,2020
I Udana,15,5.0,136.36363636363635,4,3.0,11,2020
VY Mahesh,15,7.5,55.55555555555556,5,2.0,27,2008
Virat Singh,15,7.5,57.692307692307686,2,2.0,26,2021
SD Lad,15,15.0,115.38461538461537,1,1.0,13,2019
Vijaykumar Vyshak,14,7.0,116.66666666666667,4,2.0,12,2023
MDKJ Perera,14,7.0,107.6923076923077,2,2.0,13,2013
FA Allen,14,7.0,73.68421052631578,3,2.0,19,2021
F Behardien,14,7.0,107.6923076923077,3,2.0,13,2016
MP Breetzke,14,14.0,116.66666666666667,1,1.0,12,2025
DT Patil,13,6.5,100.0,2,2.0,13,2008
DR Shorey,13,6.5,76.47058823529412,2,2.0,17,2019
KJ Abbott,13,13.0,162.5,3,1.0,8,2016
S Badree,13,2.6,56.52173913043478,5,5.0,23,2017
Mustafizur Rahman,13,6.5,54.166666666666664,7,2.0,24,2021
Arjun Tendulkar,13,13.0,144.44444444444443,1,1.0,9,2023
Harsh Dubey,13,6.5,144.44444444444443,4,2.0,9,2026
MA Wood,12,6.0,150.0,3,2.0,8,2018
K Kartikeya,12,3.0,70.58823529411765,4,4.0,17,2023
Mujeeb Ur Rahman,12,4.0,80.0,6,3.0,15,2018
T Thushara,12,6.0,66.66666666666666,4,2.0,18,2010
AR Bawne,12,,100.0,1,,12,2017
Karanveer Singh,12,12.0,70.58823529411765,4,1.0,17,2015
DAJ Bracewell,12,,133.33333333333331,1,,9,2012
DG Nalkande,12,6.0,100.0,2,2.0,12,2024
K Upadhyay,12,,133.33333333333331,2,,9,2012
AA Chavan,12,6.0,109.09090909090908,3,2.0,11,2012
T Henderson,11,5.5,68.75,2,2.0,16,2009
DNT Zoysa,11,11.0,122.22222222222223,2,1.0,9,2008
T Kohli,11,3.6666666666666665,57.89473684210527,3,3.0,19,2008
M Ntini,11,11.0,61.111111111111114,2,1.0,18,2008
BB Sran,10,10.0,71.42857142857143,7,1.0,14,2018
Mukesh Kumar,10,10.0,55.55555555555556,5,1.0,18,2023
VG Arora,10,2.5,38.46153846153847,10,4.0,26,2022
AG Murtaza,10,10.0,71.42857142857143,3,1.0,14,2011
SMSM Senanayake,10,10.0,58.82352941176471,4,1.0,17,2013
D du Preez,10,10.0,76.92307692307693,1,1.0,13,2009
TD Paine,10,5.0,38.46153846153847,2,2.0,26,2011
X Thalaivan Sargunam,10,10.0,58.82352941176471,1,1.0,17,2013
KAJ Roach,10,10.0,111.11111111111111,1,1.0,9,2010
Simarjeet Singh,10,3.3333333333333335,66.66666666666666,6,3.0,15,2022
RK Bhui,10,2.5,38.46153846153847,4,4.0,26,2019
J Theron,10,5.0,83.33333333333334,4,2.0,12,2010
JE Root,10,10.0,66.66666666666666,1,1.0,15,2023
AA Kulkarni,9,4.5,112.5,2,2.0,8,2024
AA Noffke,9,9.0,90.0,1,1.0,10,2008
M Prasidh Krishna,9,3.0,37.5,7,3.0,24,2022
SM Harwood,9,,64.28571428571429,2,,14,2009
Shivang Kumar,9,4.5,150.0,2,2.0,6,2026
L Wood,9,,300.0,1,,3,2024
PWA Mulder,9,9.0,81.81818181818183,1,1.0,11,2025
TM Srivastava,8,8.0,72.72727272727273,3,1.0,11,2008
TS Mills,8,2.0,57.14285714285714,5,4.0,14,2017
SH Johnson,8,,72.72727272727273,5,,11,2024
Jaskaran Singh,8,8.0,72.72727272727273,4,1.0,11,2010
JPR Scantlebury-Searles,8,8.0,133.33333333333331,2,1.0,6,2018
KT Maphaka,8,,400.0,1,,2,2025
CK Langeveldt,8,4.0,88.88888888888889,2,2.0,9,2011
CJ McKay,8,8.0,53.333333333333336,1,1.0,15,2012
P Chopra,8,8.0,133.33333333333331,1,1.0,6,2018
Akash Madhwal,8,,57.14285714285714,2,,14,2025
OC McCoy,8,8.0,160.0,1,1.0,5,2022
Pankaj Singh,7,3.5,58.333333333333336,5,2.0,12,2008
Ankit Soni,7,3.5,77.77777777777779,3,2.0,9,2017
MJ Henry,7,3.5,70.0,2,2.0,10,2026
AN Ghosh,7,3.5,87.5,2,2.0,8,2009
VS Malik,7,7.0,100.0,2,1.0,7,2010
V Viyaskanth,7,,140.0,1,,5,2024
UA Birla,7,7.0,50.0,1,1.0,14,2013
IS Sodhi,7,3.5,41.17647058823529,2,2.0,17,2019
Suryansh Shedge,7,2.3333333333333335,63.63636363636363,3,3.0,11,2025
I Malhotra,7,,175.0,1,,4,2011
DM Bravo,6,,120.0,1,,5,2017
DA Payne,6,,120.0,1,,5,2026
Mukesh Choudhary,6,6.0,100.0,2,1.0,6,2022
SS Shaikh,6,6.0,85.71428571428571,1,1.0,7,2009
JP Behrendorff,6,,66.66666666666666,2,,9,2023
SB Joshi,6,3.0,42.857142857142854,2,2.0,14,2008
R Minz,6,3.0,40.0,2,2.0,15,2025
PSP Handscomb,6,6.0,50.0,1,1.0,12,2016
BA Bhatt,6,6.0,85.71428571428571,2,1.0,7,2011
Arshad Khan (2),5,5.0,125.0,1,1.0,4,2024
SJ Srivastava,5,5.0,100.0,4,1.0,5,2011
B Stanlake,5,,250.0,1,,2,2018
Prince Yadav,5,,50.0,2,,10,2025
Fazalhaq Farooqi,5,,33.33333333333333,3,,15,2022
KMDN Kulasekara,5,,166.66666666666669,1,,3,2012
B Laughlin,5,2.5,38.46153846153847,4,2.0,13,2013
Shivam Sharma,5,5.0,166.66666666666669,2,1.0,3,2014
P Awana,5,2.5,35.714285714285715,5,2.0,14,2013
VRV Singh,4,2.0,133.33333333333331,2,2.0,3,2008
Auqib Nabi,4,4.0,200.0,1,1.0,2,2026
T Natarajan,4,,57.14285714285714,3,,7,2020
RS Sodhi,4,,200.0,1,,2,2010
GD McGrath,4,4.0,80.0,2,1.0,5,2008
Yash Dayal,4,1.3333333333333333,44.44444444444444,4,3.0,9,2025
A Tomar,4,4.0,50.0,1,1.0,8,2022
A Dananjaya,4,,80.0,1,,5,2018
A Uniyal,4,4.0,57.14285714285714,2,1.0,7,2010
FH Edwards,4,4.0,80.0,2,1.0,5,2009
A Chandila,4,,57.14285714285714,2,,7,2013
DP Nannes,4,4.0,30.76923076923077,2,1.0,13,2010
CRD Fernando,4,,133.33333333333331,2,,3,2010
Liton Das,4,4.0,100.0,1,1.0,4,2023
GC Viljoen,3,1.5,42.857142857142854,3,2.0,7,2019
Younis Khan,3,3.0,42.857142857142854,1,1.0,7,2008
JE Taylor,3,3.0,100.0,2,1.0,3,2011
M Tiwari,3,3.0,75.0,1,1.0,4,2025
Kamran Khan,3,3.0,60.0,1,1.0,5,2009
L Ngidi,3,3.0,42.857142857142854,2,1.0,7,2026
S Tyagi,3,3.0,75.0,1,1.0,4,2010
D Kalyankrishna,3,3.0,37.5,1,1.0,8,2008
R Ninan,3,3.0,50.0,1,1.0,6,2011
RJW Topley,3,,50.0,1,,6,2024
BAW Mendis,3,1.5,50.0,3,2.0,6,2013
Mohammad Asif,3,1.5,50.0,2,2.0,6,2008
N Burger,3,,60.0,1,,5,2026
S Randiv,2,2.0,50.0,1,1.0,4,2011
T Shamsi,2,,50.0,1,,4,2021
VS Yeligati,2,2.0,100.0,1,1.0,2,2008
H Das,2,2.0,40.0,1,1.0,5,2008
A Singh,2,0.5,20.0,5,4.0,10,2011
Shoaib Akhtar,2,2.0,28.57142857142857,1,1.0,7,2008
GHS Garton,2,2.0,50.0,2,1.0,4,2021
KP Appanna,2,2.0,50.0,3,1.0,4,2010
KK Ahmed,2,0.4,22.22222222222222,6,5.0,9,2020
Shivam Singh,2,,66.66666666666666,1,,3,2024
BR Sharath,2,2.0,40.0,1,1.0,5,2024
Mashrafe Mortaza,2,,100.0,1,,2,2009
Mohammad Ashraful,2,2.0,20.0,1,1.0,10,2009
SB Wagh,2,1.0,66.66666666666666,2,2.0,3,2011
RG More,2,,100.0,1,,2,2015
RJ Gleeson,2,,100.0,1,,2,2024
RS Gavaskar,2,2.0,25.0,1,1.0,8,2010
Abdul Basith,1,,100.0,1,,1,2023
SE Bond,1,1.0,50.0,1,1.0,2,2010
P Parameswaran,1,,50.0,2,,2,2012
PVSN Raju,1,,100.0,1,,1,2025
BE Hendricks,1,1.0,33.33333333333333,2,1.0,3,2015
PM Sarvesh Kumar,1,,50.0,1,,2,2008
MS Bhandage,1,1.0,25.0,1,1.0,4,2025
Mohit Rathee,1,,50.0,1,,2,2023
MJ Suthar,1,1.0,50.0,1,1.0,2,2024
DJ Muthuswami,1,1.0,33.33333333333333,1,1.0,3,2015
DP Vijaykumar,1,,100.0,1,,1,2008
LB Williams,1,,50.0,1,,2,2024
LE Plunkett,1,1.0,33.33333333333333,2,1.0,3,2018
DS Rathi,1,1.0,16.666666666666664,2,1.0,6,2025
NJ Rimmington,1,,100.0,1,,1,2011
Shoaib Ahmed,1,0.5,16.666666666666664,3,2.0,6,2009
HF Gurney,1,,20.0,1,,5,2019
M de Lange,1,1.0,50.0,1,1.0,2,2014
KA Maharaj,1,1.0,50.0,1,1.0,2,2024
SZ Mulani,1,,100.0,1,,1,2024
Ashok Sharma,0,,0.0,1,,1,2026
S Kaushik,0,0.0,0.0,1,1.0,1,2016
Abdur Razzak,0,,0.0,1,,2,2008
RR Bhatkal,0,0.0,0.0,1,1.0,2,2012
RP Meredith,0,,0.0,2,,3,2023
C Nanda,0,0.0,0.0,1,1.0,1,2009
V Pratap Singh,0,0.0,0.0,1,1.0,1,2012
S Lamichhane,0,0.0,0.0,1,1.0,1,2019
S Ladda,0,0.0,0.0,2,1.0,9,2010
R Sanjay Yadav,0,0.0,0.0,1,1.0,2,2022
U Kaul,0,,0.0,1,,1,2008
MJ Owen,0,0.0,0.0,1,1.0,2,2025
ND Doshi,0,0.0,0.0,1,1.0,13,2011
Musheer Khan,0,0.0,0.0,1,1.0,3,2025
Mayank Dagar,0,0.0,0.0,1,1.0,1,2024
LG Pretorius,0,0.0,0.0,1,1.0,2,2026
KS Rathore,0,0.0,0.0,1,1.0,5,2025
KM Asif,0,0.0,0.0,1,1.0,2,2023
SS Cottrell,0,0.0,0.0,1,1.0,2,2020
KR Sen,0,,0.0,1,,3,2022
YA Abdulla,0,,0.0,1,,1,2010
JL Denly,0,0.0,0.0,1,1.0,1,2019
K Yadav,0,,0.0,1,,4,2021
L Ablish,0,,0.0,1,,2,2011
Y Prithvi Raj,0,,0.0,1,,1,2019
Sunny Gupta,0,0.0,0.0,1,1.0,1,2012
IC Pandey,0,0.0,0.0,1,1.0,2,2013
